{
   "Attribute": {
      "LDA": {
         "Euclidean": [
            0.37516226741670267,
            0.34439636520986583,
            0.31683254002596273,
            0.2927520553872782,
            0.2728905235828646,
            0.2510168758113371,
            0.2333621808740805
         ],
         "Cosine": [
            0.3747295543054955,
            0.34398528775421894,
            0.31758978797057547,
            0.2927736910428386,
            0.27267416702726094,
            0.2513197749891822,
            0.23368671570748595
         ],
         "Jaccard": [
            0.386845521419299,
            0.3553007356122891,
            0.32769363911726523,
            0.30324534833405453,
            0.27990047598442236,
            0.2594115101687581,
            0.2387927304197317
         ],
         "Mahalanobis": [
            0.35244482907832103,
            0.32397230636088276,
            0.29954565123323235,
            0.27665512765036776,
            0.25530073561228905,
            0.23598009519688445,
            0.22053223712678496
         ]
      }
   },
   "Class": {
      "LDA": {
         "Euclidean": [
            0.37516226741670267,
            0.3665512765036781,
            0.3560147122457811,
            0.3384465599307659,
            0.3127434011250541,
            0.2826698398961488,
            0.23117697966248377
         ],
         "Cosine": [
            0.3747295543054955,
            0.37574643011683256,
            0.3745997403721333,
            0.37334487234963215,
            0.36797922977066205,
            0.36337083513630464,
            0.35387278234530506
         ],
         "Jaccard": [
            0.386845521419299,
            0.38349199480744267,
            0.38160969277369106,
            0.3773907399394202,
            0.3741237559498053,
            0.3640631761142362,
            0.3506707053223712
         ],
         "Mahalanobis": [
            0.35244482907832103,
            0.33831674599740374,
            0.313392470791865,
            0.2878623972306361,
            0.2569450454348767,
            0.2231717871051493,
            0.18375162267416703
         ]
      }
   }
}