{
   "Attribute": {
      "tfidf": {
         "Euclidean": [
            0.4381220250973604,
            0.40162267416702735,
            0.3695802682821289,
            0.34037213327563826,
            0.3143011683254002,
            0.2888576373864128,
            0.266248377325833
         ],
         "Cosine": [
            0.5155776720034616,
            0.4726958026828213,
            0.4319342276070965,
            0.3961272176546949,
            0.3638035482475119,
            0.3357204673301601,
            0.3110774556469061
         ],
         "Jaccard": [
            0.4995672868887927,
            0.4576806577239291,
            0.4218952834270878,
            0.3853526611856339,
            0.3552790999567287,
            0.3282994374729554,
            0.30051925573344873
         ],
         "Mahalanobis": [
            0.28256166161834706,
            0.2602336650800519,
            0.24097793163132844,
            0.2237343141497187,
            0.20694504543487668,
            0.19327131112072699,
            0.18232366940718306
         ]
      }
   },
   "Class": {
      "tfidf": {
         "Euclidean": [
            0.4381220250973604,
            0.41862829943747293,
            0.3944180008654262,
            0.3616183470359152,
            0.32170056252704465,
            0.28301601038511465,
            0.22888360017308523
         ],
         "Cosine": [
            0.5155776720034616,
            0.49387710947641705,
            0.47051060147122464,
            0.4295759411510168,
            0.3883167459974038,
            0.330895716140199,
            0.26975335352661184
         ],
         "Jaccard": [
            0.4995672868887927,
            0.4928818693206404,
            0.48331890956295975,
            0.46652964084811777,
            0.4517957594115102,
            0.42535698831674595,
            0.3853310255300736
         ],
         "Mahalanobis": [
            0.28256166161834706,
            0.2720034617048897,
            0.2515361315447858,
            0.2325832972739074,
            0.20785374296841191,
            0.1826482042405885,
            0.15047598442232799
         ]
      }
   }
}