{
   "Attribute": {
      "bow": {
         "Euclidean": [
            0.3946343574210299,
            0.36343574210298574,
            0.3334270878407616,
            0.30718303764604066,
            0.28126352228472523,
            0.26220250973604503,
            0.24119428818693206
         ],
         "Cosine": [
            0.4604067503245348,
            0.4222414539160536,
            0.38749459108610995,
            0.35809173517957593,
            0.33033318909562953,
            0.3037862397230636,
            0.2794893985287754
         ],
         "Jaccard": [
            0.468628299437473,
            0.43067935958459547,
            0.3941800086542623,
            0.36304630030289925,
            0.3352661185633924,
            0.3070532237126785,
            0.28634790134141064
         ],
         "Mahalanobis": [
            0.2507572479446127,
            0.23195586326265688,
            0.21423626135871915,
            0.19863695369969708,
            0.18565556036347902,
            0.17077022933794894,
            0.16073128515794027
         ]
      }
   },
   "Class": {
      "bow": {
         "Euclidean": [
            0.3946343574210299,
            0.37899177845088705,
            0.35858935525746427,
            0.33760276936391176,
            0.3086109909130247,
            0.2760493292946777,
            0.2233665080051926
         ],
         "Cosine": [
            0.4604067503245348,
            0.458156642146257,
            0.45341843357853745,
            0.4443747295543055,
            0.4400259627866724,
            0.42665512765036784,
            0.40508437905668543
         ],
         "Jaccard": [
            0.468628299437473,
            0.46157507572479445,
            0.45164430982258763,
            0.44030722630895713,
            0.4256166161834704,
            0.4020986585893553,
            0.37128948507139764
         ],
         "Mahalanobis": [
            0.2507572479446127,
            0.2366291648636954,
            0.21696235395932498,
            0.19809606231068802,
            0.17505408913890091,
            0.15482475118996103,
            0.13000865426222416
         ]
      }
   }
}