{
   "Attribute": {
      "LSA": {
         "Euclidean": [
            0.32669839896148856,
            0.3009303331890957,
            0.27810471657291214,
            0.25590653396797924,
            0.237559498052791,
            0.21903937689311986,
            0.20729121592384248
         ],
         "Cosine": [
            0.3260493292946776,
            0.3008005192557334,
            0.27814798788403283,
            0.2578970142795327,
            0.2396148853310255,
            0.21884465599307656,
            0.20393768931198614
         ],
         "Jaccard": [
            0.341194288186932,
            0.314344439636521,
            0.289701427953267,
            0.26945045434876674,
            0.24954565123323236,
            0.22814798788403284,
            0.21395499783643443
         ],
         "Mahalanobis": [
            0.305711813067936,
            0.2822803980960623,
            0.26140199048031154,
            0.24102120294244914,
            0.2253353526611856,
            0.20839463435742106,
            0.19357421029857205
         ]
      }
   },
   "Class": {
      "LSA": {
         "Euclidean": [
            0.32669839896148856,
            0.31847684984855046,
            0.30586326265685854,
            0.29154045867589784,
            0.2663132842925141,
            0.24275205538727823,
            0.2036131544785807
         ],
         "Cosine": [
            0.3260493292946776,
            0.32176546949372564,
            0.3190610125486802,
            0.31652964084811774,
            0.3090220683686716,
            0.3011683254002596,
            0.29184335785374294
         ],
         "Jaccard": [
            0.341194288186932,
            0.3374729554305495,
            0.33104716572912163,
            0.32602769363911727,
            0.31449588922544347,
            0.3051709216789269,
            0.28461704889658157
         ],
         "Mahalanobis": [
            0.305711813067936,
            0.28840328861964515,
            0.26962353959324964,
            0.24630030289917784,
            0.2172436174816097,
            0.18725659887494595,
            0.15512765036780612
         ]
      }
   }
}