{
   "Attribute": {
      "bow": {
         "Euclidean": [
            0.4004328067517853,
            0.3953170509060439,
            0.39102609545209505,
            0.3889306550335375,
            0.38354199333068767,
            0.3825748018045753,
            0.3840190778563869
         ],
         "Cosine": [
            0.508288249296689,
            0.5001963601955037,
            0.4984615584311786,
            0.5025567154384138,
            0.4929037032484526,
            0.4921309014379561,
            0.4956582079353497
         ],
         "Jaccard": [
            0.4837264661328716,
            0.4766933531684939,
            0.47250184059111283,
            0.4747992691002706,
            0.4736790147300214,
            0.47119508544657007,
            0.4778519078104731
         ],
         "Mahalanobis": [
            0.26282190002164035,
            0.2623265737974213,
            0.25467138948955215,
            0.254143092984476,
            0.2512825953781776,
            0.2508626234405634,
            0.25163454839527566
         ]
      }
   }
}