{
   "Attribute": {
      "LSA": {
         "Euclidean": [
            0.31393637740748753,
            0.29500112174673526,
            0.2750315799119284,
            0.2663573521208495,
            0.2592981702668996,
            0.2574167308045994,
            0.2522131760279116
         ],
         "Cosine": [
            0.31696602466998486,
            0.3035626863798969,
            0.28870489617638484,
            0.28423621378272806,
            0.2757274080723067,
            0.27727400402624997,
            0.27156833818169807
         ],
         "Jaccard": [
            0.3351222679073793,
            0.3214604901176479,
            0.30942499505302673,
            0.302603766842939,
            0.296363932231514,
            0.29802001125798827,
            0.2937797276310365
         ],
         "Mahalanobis": [
            0.2872322008223328,
            0.25976965243659633,
            0.2400378895847881,
            0.2264323619833737,
            0.21877349487768732,
            0.21842858450308172,
            0.2154667193227769
         ]
      }
   }
}