{
   "Attribute": {
      "tfidf": {
         "Euclidean": [
            0.4489937243020991,
            0.4375272547110519,
            0.4417310542228541,
            0.4347504241849771,
            0.4322402675062721,
            0.4332653383710857,
            0.4261203720696963
         ],
         "Cosine": [
            0.5183942869508764,
            0.5174207002748247,
            0.5164221935116533,
            0.5144889499749494,
            0.5128452245946008,
            0.5131115552486698,
            0.5088582321411138
         ],
         "Jaccard": [
            0.5042631465050855,
            0.5065249903718121,
            0.5107127844550516,
            0.4995285124079595,
            0.5019426646080245,
            0.5012478680459281,
            0.49588520068629444
         ],
         "Mahalanobis": [
            0.3136983336940056,
            0.30855328250427894,
            0.3066508975745895,
            0.2999864278911283,
            0.2935725519174247,
            0.2949125892861909,
            0.2919752344098257
         ]
      }
   }
}