{
   "Attribute": {
      "LDA": {
         "Euclidean": [
            0.30988963427829475,
            0.297287041698813,
            0.2895000270003483,
            0.2844224383122496,
            0.2847435208231247,
            0.26784205702021635,
            0.26932451115609835
         ],
         "Cosine": [
            0.3077688811945466,
            0.2975026338453103,
            0.2896349983741299,
            0.28507815948961784,
            0.2854614429897719,
            0.2684486406959488,
            0.26831841094020736
         ],
         "Jaccard": [
            0.3467214888552261,
            0.33464873030826325,
            0.3263714087168943,
            0.3261943473165035,
            0.32419015364262205,
            0.3102911191700768,
            0.30886988008822847
         ],
         "Mahalanobis": [
            0.31724734905864527,
            0.30004160860065954,
            0.296596091671382,
            0.28916394065241635,
            0.2884938389057707,
            0.27105801965643794,
            0.26594695845529726
         ]
      }
   }
}